<?xml version="1.0" encoding="UTF-8"?>
<!--
    Licensed to the Apache Software Foundation (ASF) under one or more
    contributor license agreements.  See the NOTICE file distributed with
    this work for additional information regarding copyright ownership.
    The ASF licenses this file to You under the Apache License, Version 2.0
    (the "License"); you may not use this file except in compliance with
    the License.  You may obtain a copy of the License at

    http://www.apache.org/licenses/LICENSE-2.0

    Unless required by applicable law or agreed to in writing, software
    distributed under the License is distributed on an "AS IS" BASIS,
    WITHOUT WARRANTIES OR CONDITIONS OF ANY KIND, either express or implied.
    See the License for the specific language governing permissions and
    limitations under the License.
-->

<beans xmlns="http://www.springframework.org/schema/beans"
       xmlns:xsi="http://www.w3.org/2001/XMLSchema-instance"
       xmlns:context="http://www.springframework.org/schema/context"
       xmlns:camel="http://camel.apache.org/schema/spring"
       xsi:schemaLocation="
         http://www.springframework.org/schema/beans http://www.springframework.org/schema/beans/spring-beans.xsd
         http://www.springframework.org/schema/context http://www.springframework.org/schema/context/spring-context.xsd
         http://camel.apache.org/schema/spring http://camel.apache.org/schema/spring/camel-spring.xsd">

  <!-- spring property placeholder, ignore resource not found as the file resource is for unit testing -->
  <context:property-placeholder location="classpath:camel.properties,file:target/custom.properties"
                                ignore-resource-not-found="true"/>

  <camel:camelContext id="camel-client-2">
    <camel:template id="camelTemplate"/>
    <!-- START SNIPPET: e1 -->
    <!-- Camel proxy for a given service, in this case the JMS queue -->
    <camel:proxy
      id="multiplierProxy"
      serviceInterface="org.apache.camel.example.server.Multiplier"
      serviceUrl="jms:queue:numbers"/>
    <!-- END SNIPPET: e1 -->
  </camel:camelContext>

  <!-- Camel JMSProducer to be able to send messages to a remote Active MQ server -->
  <bean id="jms" class="org.apache.activemq.camel.component.ActiveMQComponent">
    <property name="connectionFactory">
      <bean class="org.apache.activemq.spring.ActiveMQConnectionFactory">
        <property name="brokerURL" value="tcp://localhost:${tcp.port}"/>
        <property name="trustAllPackages" value="true"/>
      </bean>
    </property>
  </bean>

</beans>